0,examples/gridphysics/freeway.txt
1,examples/gridphysics/invest.txt
2,examples/gridphysics/labyrinthdual.txt
3,examples/gridphysics/tercio.txt
4,examples/gridphysics/sistersavior.txt
5,examples/gridphysics/avoidgeorge.txt
6,examples/gridphysics/escape.txt
7,examples/gridphysics/whackamole.txt
8,examples/gridphysics/chopper.txt
9,examples/gridphysics/watergame.txt
10,examples/gridphysics/aliens.txt
11,examples/gridphysics/bait.txt
12,examples/gridphysics/camelRace.txt
13,examples/gridphysics/chase.txt
14,examples/gridphysics/crossfire.txt
15,examples/gridphysics/digdug.txt
16,examples/gridphysics/hungrybirds.txt
17,examples/gridphysics/infection.txt
18,examples/gridphysics/intersection.txt
19,examples/gridphysics/lemmings.txt
20,examples/gridphysics/missilecommand.txt
21,examples/gridphysics/modality.txt
22,examples/gridphysics/plaqueattack.txt
23,examples/gridphysics/roguelike.txt
24,examples/gridphysics/seaquest.txt
25,examples/gridphysics/survivezombies.txt
26,examples/gridphysics/waitforbreakfast.txt
27,examples/gridphysics/butterflies.txt
28,examples/gridphysics/decepticoins.txt
29,examples/gridphysics/deceptizelda.txt
30,examples/gridphysics/flower.txt
31,examples/gridphysics/waferthinmints.txt
